stake_id,date,target_date,delta_t_days,x,y,x_pred,y_pred,delta_x,delta_y,prediction_status,prediction_status_detail
EH01,2025-03-02,2026-01-10,314,634702.966,3046967.3,634702.81,3046967.041,-0.156,-0.259,predicted,
EH02,2025-03-02,2026-01-10,314,634293.159,3046969.056,634291.656,3046968.367,-1.503,-0.689,predicted,
EH03,2025-03-02,2026-01-10,314,633934.637,3046872.707,633933.85,3046872.163,-0.787,-0.544,predicted,
EH04,2025-03-02,2026-01-10,314,633557.331,3046667.11,633555.533,3046666.888,-1.798,-0.222,predicted,
EH05,2025-03-02,2026-01-10,314,633267.99,3046418.458,633266.115,3046417.496,-1.875,-0.961,predicted,
EH06,2025-03-02,2026-01-10,314,632982.382,3046149.072,632979.496,3046147.964,-2.886,-1.108,predicted,
EH10,2025-03-02,2026-01-10,314,634150.981,3047373.549,634150.446,3047374.382,-0.536,0.832,predicted,
EH11,2025-03-02,2026-01-10,314,633790.524,3047684.428,633789.35,3047685.841,-1.174,1.413,predicted,
EH20,2025-03-02,2026-01-10,314,634598.403,3046411.076,634596.348,3046410.095,-2.054,-0.981,predicted,
EH22,2025-03-02,2026-01-10,314,633895.255,3046228.054,633894.896,3046227.391,-0.359,-0.664,predicted,
EH23,2025-03-02,2026-01-10,314,633430.281,3046018.741,633428.07,3046017.451,-2.211,-1.291,predicted,
EH25,2025-03-02,2026-01-10,314,633197.106,3046652.271,633195.056,3046652.172,-2.05,-0.099,predicted,
EH26,2025-03-02,2026-01-10,314,633232.781,3046916.285,633230.852,3046916.161,-1.928,-0.124,predicted,
EH27,2025-03-05,2026-01-10,311,632871.729,3045646.277,632869.182,3045644.926,-2.547,-1.351,predicted,
EH30,2025-03-02,2026-01-10,314,634268.259,3046664.256,634266.909,3046661.54,-1.351,-2.716,predicted,
EH36,2025-03-06,2026-01-10,310,633311.596,3047976.434,633308.836,3047977.865,-2.76,1.431,predicted,
EH51,2025-01-08,2026-01-10,367,633129.47,3048034.206,,,,,unpredicted,lost
EH53,2025-03-06,2026-01-10,310,633212.435,3047843.822,633210.049,3047846.048,-2.386,2.226,predicted,
EH54,2025-03-06,2026-01-10,310,632964.425,3047129.071,632964.293,3047129.223,-0.132,0.153,predicted,
EH55,2025-03-06,2026-01-10,310,632847.431,3047016.044,632845.808,3047016.849,-1.623,0.805,predicted,
EH56,2025-03-06,2026-01-10,310,632769.888,3046932.289,632768.479,3046933.064,-1.408,0.775,predicted,
EH58,2022-12-23,2026-01-10,1114,632256.169,3045421.93,,,,,unpredicted,not anymore monitored
EH59,2025-03-05,2026-01-10,311,632319.47,3045457.427,632317.536,3045456.109,-1.934,-1.318,predicted,
EH60,2022-12-23,2026-01-10,1114,632435.222,3045585.999,,,,,unpredicted,not anymore monitored
EH61,2025-03-05,2026-01-10,311,632683.408,3045846.888,632680.319,3045845.051,-3.089,-1.837,predicted,
EH62,2022-12-23,2026-01-10,1114,632583.262,3046096.28,,,,,unpredicted,not anymore monitored
EH64,2025-03-02,2026-01-10,314,634245.719,3046392.958,634243.754,3046387.726,-1.965,-5.232,predicted,
EH66,2025-03-05,2026-01-10,311,633583.334,3047345.505,633582.441,3047345.941,-0.893,0.436,predicted,
EH67,2025-01-08,2026-01-10,367,632154.317,3045371.022,,,,,unpredicted,lost
EH68,2025-03-06,2026-01-10,310,633869.796,3048315.144,633868.21,3048316.583,-1.586,1.439,predicted,
EH69,2022-12-24,2026-01-10,1113,632558.246,3047022.456,,,,,unpredicted,not anymore monitored
EH70,2025-03-06,2026-01-10,310,633456.436,3048066.036,633454.764,3048066.156,-1.672,0.12,predicted,
EH71,2025-03-02,2026-01-10,314,633224.384,3045739.559,633222.897,3045738.611,-1.487,-0.948,predicted,
EH72,2025-03-06,2026-01-10,310,632554.506,3047017.926,632554.419,3047017.474,-0.088,-0.452,predicted,
EH73,2025-01-08,2026-01-10,367,632251.189,3045420.243,,,,,unpredicted,lost
EH74,2025-03-05,2026-01-10,311,632430.31,3045586.797,632427.87,3045584.814,-2.44,-1.983,predicted,
EH75,2025-03-05,2026-01-10,311,632579.161,3046091.388,632577.095,3046090.246,-2.066,-1.142,predicted,
EH76,2025-03-05,2026-01-10,311,632152.209,3045373.002,,,,,unpredicted,single measurement
EH77,2025-03-05,2026-01-10,311,632252.263,3045425.304,,,,,unpredicted,single measurement
EH78,2025-03-06,2026-01-10,310,633133.045,3048032.877,,,,,unpredicted,single measurement
EJ03,2025-03-01,2026-01-10,315,635063.01,3047851.72,635065.838,3047859.433,2.829,7.713,predicted,
EJ04,2025-03-01,2026-01-10,315,635108.801,3048219.9,635110.173,3048229.385,1.372,9.486,predicted,
EJ05,2025-03-08,2026-01-10,308,635170.37,3048675.673,635169.967,3048692.554,-0.403,16.881,predicted,
EJ09,2025-03-03,2026-01-10,313,636318.05,3049667.302,636317.971,3049667.083,-0.079,-0.218,predicted,
EJ10,2025-03-03,2026-01-10,313,635936.175,3049406.413,635930.079,3049403.725,-6.096,-2.689,predicted,
EJ21,2025-03-01,2026-01-10,315,635907.592,3047871.1,635907.121,3047872.174,-0.471,1.074,predicted,
EJ22,2025-03-01,2026-01-10,315,635709.568,3048169.449,635707.901,3048173.68,-1.667,4.231,predicted,
EJ23,2025-03-03,2026-01-10,313,635597.31,3048433.559,635594.266,3048441.649,-3.044,8.09,predicted,
EJ24,2025-03-01,2026-01-10,315,635519.068,3047629.664,635520.208,3047634.408,1.14,4.743,predicted,
EJ26,2025-03-03,2026-01-10,313,636197.771,3049083.606,636187.128,3049079.662,-10.643,-3.944,predicted,
EJ27,2025-03-03,2026-01-10,313,635815.079,3049045.302,635797.37,3049046.901,-17.71,1.599,predicted,
EJ30,2025-03-01,2026-01-10,315,636670.319,3049164.071,636668.11,3049162.271,-2.209,-1.801,predicted,
EJ31,2025-03-02,2026-01-10,314,635224.053,3047097.48,635225.132,3047100.203,1.079,2.723,predicted,
EJ34,2025-03-02,2026-01-10,314,634270.697,3047886.892,634271.103,3047888.603,0.406,1.712,predicted,
EJ35,2025-03-01,2026-01-10,315,636059.584,3048729.826,636050.927,3048730.004,-8.657,0.178,predicted,
EJ39,2025-03-01,2026-01-10,315,636863.424,3048870.214,636864.837,3048870.853,1.412,0.64,predicted,
EJ45,2025-03-08,2026-01-10,308,635365.253,3048975.617,635350.151,3049008.534,-15.102,32.917,predicted,
EJ48,2025-03-01,2026-01-10,315,634731.041,3048370.757,634734.94,3048374.514,3.899,3.757,predicted,
EJ50,2025-03-03,2026-01-10,313,635696.76,3048740.32,635683.933,3048747.935,-12.828,7.615,predicted,
EJ51,2024-03-09,2026-01-10,672,635567.792,3049018.682,,,,,unpredicted,lost
EJ54,2025-03-03,2026-01-10,313,635666.695,3049200.459,635645.435,3049206.023,-21.26,5.564,predicted,
EJ55,2022-12-28,2026-01-10,1109,635662.609,3049354.221,,,,,unpredicted,not anymore monitored
EJ56,2022-12-27,2026-01-10,1110,635184.03,3048829.706,,,,,unpredicted,not anymore monitored
EJ57,2025-03-02,2026-01-10,314,634373.597,3047602.19,634373.584,3047603.32,-0.012,1.129,predicted,
EJ58,2025-03-02,2026-01-10,314,634973.683,3046706.558,634974.671,3046707.346,0.988,0.788,predicted,
EJ59,2025-03-03,2026-01-10,313,636152.995,3048359.711,636149.538,3048361.185,-3.457,1.474,predicted,
EJ60,2025-03-01,2026-01-10,315,636755.682,3049589.206,636755.791,3049587.006,0.109,-2.2,predicted,
EJ61,2025-03-08,2026-01-10,308,635439.697,3048831.691,635428.616,3048853.092,-11.081,21.401,predicted,
EJ62,2025-03-08,2026-01-10,308,635178.588,3048856.004,635176.588,3048878.23,-2.0,22.226,predicted,
EJ63,2025-03-03,2026-01-10,313,635809.447,3049324.558,635801.312,3049321.632,-8.135,-2.927,predicted,
EJ64,2025-03-08,2026-01-10,308,635578.479,3048943.802,,,,,unpredicted,single measurement
